week,region,season,advertising_spend,avg_discount_pct,customer_satisfaction,website_visits,weekly_sales,note
1,East,Winter,10070,12,4.8,30616,83859.0,
2,West,Winter,8534,8,3.4,26921,71621.0,
3,North,Winter,"$4,485",15,4.8,14252,50679.0,
4,South,Winter,8111,12,3.4,24868,63756.0,
5,east,Winter,7643,5,3.6,22742,64685.0,
6,West,Winter,10443,12,3.8,32193,"$81,065",
7,North,Winter,7458,12,4.0,22528,64268.0,
8,South,Winter,"$6,690",20,3.4,20341,61442.0,
9,East,Winter,4163,12,3.9,13647,45341.0,
10,West,Winter,6814,10,,21613,59330.0,
11,North,Spring,5873,18,4.0,17581,59194.0,
12,WEST ,Spring,7598,8,4.5,23754,67649.0,
12,WEST ,Spring,7598,8,4.5,23754,67649.0,
13,East,Spring,7351,18,3.5,22507,67373.0,
14,West,Spring,9663,,3.6,28756,81604.0,
15,North,Spring,7659,12,4.1,23655,66655.0,
16,South,Spring,"$2,864",5,4.9,9579,42156.0,
17,East,Spring,4295,20,4.6,14696,55477.0,
18,West,Spring,9232,10,3.2,27304,74500.0,
19,North,Spring,9078,5,4.2,27106,"$72,720",
20,South,Spring,5254,18,3.7,17239,59568.0,
21,East,Summer,4370,5,3.8,,51076.0,
22,West,Summer,7293,20,3.2,22020,68941.0,
23,North,Summer,"$9,835",15,3.5,29499,82279.0,
24,N.,Summer,7916,12,4.7,23817,67252.0,
25,East,Summer,6042,15,3.5,18779,60026.0,
26,West,Summer,5957,12,4.8,19005,63235.0,
27,North,Summer,5493,12,4.5,18272,57729.0,
28,South,Summer,10315,5,3.7,30715,80092.0,
29,East,Summer,6829,5,4.6,19395,63429.0,
30,West,Summer,6548,5,3.3,20628,"$60,395",
31,North,Fall,6245,5,3.8,19475,57224.0,
32,South,Fall,"$4,091",18,4.4,12961,50955.0,
33,East,Fall,5799,5,3.6,18195,56752.0,
34,West,Fall,3654,15,3.7,13162,49597.0,
35,North,fall ,7972,12,3.9,25724,71985.0,
36,South,Fall,6310,10,3.8,20141,58489.0,
37,East,Fall,5731,8,4.2,17474,56794.0,
38,West,Fall,3408,5,3.7,12651,45346.0,
39,North,Fall,9346,8,4.0,28590,72496.0,
40,South,Fall,4643,5,4.3,15403,49598.0,
